index,red1,ir1,red2,ir2
0,3022,3433,82649,82746
1,82896,82900,148136,138966
2,146512,137510,174887,146071
3,165404,142992,174955,146093
4,165415,142988,175070,146131
5,165428,142987,175061,146135
6,165451,142975,175018,146124
7,165455,142968,175042,146132
8,165442,142963,175044,146139
9,165470,142973,175061,146132
10,165494,143007,175075,146136
11,165531,143036,175133,146168
12,165545,143043,175128,146147
13,165551,143053,175121,146152
14,165573,143064,175201,146185
15,165541,143015,175237,146204
16,165525,142987,175225,146196
17,165535,142992,175251,146210
18,165559,143003,175282,146237
19,165574,143004,175290,146253
20,165586,143027,175098,146179
21,165567,143023,174398,145913
22,165494,143035,174242,145884
23,165394,142951,174380,145970
24,165421,142911,174505,146009
25,165447,142922,174641,146067
26,165471,142912,174848,146157
27,165534,142939,174951,146176
28,165564,142962,174902,146161
29,165566,142963,174959,146183
30,165585,142962,175003,146196
31,165628,142996,175047,146216
32,165670,143023,175603,146218
33,165671,143021,175636,146231
34,165675,143024,175665,146232
35,165661,143043,175689,146240
36,165597,143001,175744,146268
37,165561,142981,175781,146275
38,165535,142965,175805,146267
39,165538,142967,175802,146258
40,165538,142969,175608,146176
41,165518,142927,175252,146041
42,165524,142923,175123,145996
43,165514,142931,175232,146029
44,165413,142911,175352,146075
45,165270,142865,175500,146128
46,165249,142851,175548,146139
47,165257,142822,175497,146117
48,165261,142799,175478,146110
49,165338,142808,175549,146153
50,165374,142822,175626,146163
51,165392,142828,175700,146187
52,165400,142861,175742,146204
53,165411,142894,175777,146212
54,165442,142910,175791,146230
55,165452,142908,175815,146222
56,165478,142917,175840,146224
57,165475,142904,175857,146236
58,165491,142917,175868,146225
59,165502,142899,175756,146180
60,165479,142881,175434,146045
61,165519,142895,175210,145972
62,165550,142926,175270,145982
63,165558,142930,175365,145994
64,165557,142897,175478,146032
65,165528,142872,175543,146044
66,165427,142842,175512,146030
67,165317,142813,175457,146004
68,165284,142804,175496,146036
69,165316,142801,175576,146065
70,165330,142771,175632,146083
71,165346,142755,175671,146086
72,165393,142744,175682,146081
73,165410,142744,175689,146079
74,165397,142729,175720,146080
75,165405,142710,175753,146087
76,165419,142693,175784,146101
77,165441,142703,175740,146065
78,165460,142697,175397,145942
79,165476,142699,174845,145731
80,165490,142703,174811,145722
81,165499,142693,174968,145785
82,165505,142685,174987,145782
83,165511,142678,175036,145801
84,165539,142669,175197,145856
85,165530,142663,175230,145856
86,165553,142656,175195,145840
87,165528,142649,175219,145844
88,165420,142611,175279,145870
89,165351,142586,175374,145899
90,165361,142587,175428,145924
91,165404,142590,175506,145946
92,165428,142582,175567,145976
93,165454,142580,175598,145975
94,165473,142579,175636,145987
95,165444,142565,175662,145997
96,165440,142536,175687,145995
97,165447,142522,175653,145977
98,165469,142537,175245,145807
99,165492,142526,174707,145612
100,165500,142522,174734,145633
101,165498,142519,174859,145667
102,165515,142521,174887,145683
103,165519,142521,174965,145705
104,165539,142508,175197,145784
105,165566,142500,175242,145807
106,165578,142500,175210,145794
107,165582,142494,175236,145810
108,165537,142489,175331,145837
109,165475,142482,175427,145868
110,165459,142499,175476,145885
111,165492,142527,175534,145908
112,165522,142523,175595,145921
113,165546,142504,175630,145940
114,165549,142479,175664,145953
115,165524,142445,175710,145966
116,165520,142408,175733,145965
117,165520,142397,175789,145986
118,165543,142403,175802,145997
119,165568,142395,175640,145918
120,165563,142388,175043,145689
121,165584,142406,174806,145608
122,165608,142408,174940,145665
123,165631,142409,175012,145679
124,165659,142419,175042,145693
125,165669,142431,175180,145731
126,165680,142435,175340,145782
127,165654,142421,175325,145774
128,165575,142424,175306,145765
129,165519,142433,175383,145796
130,165504,142423,175474,145825
131,165526,142442,175526,145842
132,165599,142271,176028,145758
133,165611,142242,175996,145726
134,165612,142250,176004,145737
135,165625,142258,176026,145740
136,165647,142270,176059,145735
137,165663,142277,176073,145744
138,165674,142263,176105,145764
139,165669,142269,176114,145758
140,165683,142271,176063,145742
141,165695,142271,175783,145622
142,165694,142248,175550,145543
143,165704,142241,175599,145561
144,165664,142230,175669,145575
145,165544,142190,175713,145587
146,165471,142180,175810,145606
147,165504,142183,175819,145624
148,165530,142178,175759,145590
149,165525,142187,175755,145592
150,165575,142198,175804,145606
151,165607,142194,175866,145625
152,165592,142195,175908,145644
153,165587,142174,175950,145658
154,165587,142181,175993,145671
155,165609,142182,176008,145674
156,165635,142161,176021,145680
157,165639,142169,176034,145679
158,165674,142166,176064,145680
159,165680,142166,176084,145692
160,165690,142174,176118,145701
161,165686,142166,176135,145710
162,165698,142160,176147,145699
163,165717,142170,176051,145667
164,165723,142172,175752,145559
165,165734,142176,175602,145503
166,165745,142158,175690,145541
167,165764,142167,175752,145557
168,165704,142157,175800,145574
169,165573,142127,175875,145594
170,165569,142117,175865,145599
171,165592,142115,175810,145568
172,165597,142116,175809,145572
173,165611,142122,175866,145594
174,165642,142128,175931,145612
175,165664,142123,175969,145633
176,165657,142132,175996,145634
177,165650,142127,176007,145636
178,165688,142140,176005,145643
179,165689,142146,176034,145652
180,165707,142154,176053,145641
181,165715,142154,176069,145656
182,165726,142142,176080,145653
183,165718,142111,176112,145648
184,165728,142098,176158,145667
185,165728,142058,176144,145669
186,165739,142060,176042,145626
187,165732,142057,175722,145497
188,165747,142048,175472,145411
189,165757,142054,175554,145435
190,165758,142057,175592,145452
191,165756,142073,175599,145447
192,165706,142056,175696,145487
193,165631,142046,175749,145512
194,165638,142038,175689,145488
195,165665,142033,175695,145492
196,165684,142041,175785,145516
197,165676,142039,175849,145546
198,165691,142018,175880,145566
199,165678,142012,175910,145572
200,165647,142007,175946,145576
201,165636,141994,175955,145590
202,165664,141985,175979,145592
203,165683,141984,175988,145602
204,165714,141995,176007,145605
205,165729,142007,176015,145597
206,165751,142006,176035,145602
207,165757,142012,176060,145603
208,165779,142012,176094,145616
209,165766,141996,176123,145627
210,165778,141999,176036,145593
211,165792,141998,175705,145457
212,165775,141990,175413,145349
213,165782,141981,175472,145369
214,165759,141978,175518,145393
215,165752,141976,175528,145387
216,165681,141949,175626,145430
217,165592,141928,175732,145457
218,165625,141923,175671,145436
219,165637,141926,175644,145416
220,165639,141926,175704,145446
221,165660,141917,175765,145474
222,165698,141922,175813,145480
223,165686,141907,175858,145494
224,165671,141895,175891,145514
225,165683,141907,175911,145513
226,165683,141883,175934,145518
227,165697,141870,175977,145530
228,165703,141872,175984,145532
229,165708,141863,176009,145533
230,165714,141865,176037,145546
231,165723,141851,176047,145552
232,165668,141562,175995,145322
233,165657,141554,176004,145322
234,165631,141544,176056,145341
235,165627,141524,176060,145338
236,165627,141525,175970,145307
237,165530,141506,175692,145213
238,165461,141502,175556,145149
239,165484,141514,175557,145157
240,165510,141537,175567,145157
241,165516,141533,175565,145160
242,165533,141537,175624,145178
243,165553,141524,175693,145193
244,165545,141518,175668,145188
245,165539,141501,175657,145195
246,165536,141506,175715,145204
247,165544,141499,175775,145225
248,165543,141492,175817,145239
249,165544,141496,175854,145248
250,165552,141489,175875,145264
251,165559,141484,175888,145272
252,165550,141481,175891,145264
253,165563,141476,175908,145267
254,165577,141481,175937,145263
255,165588,141466,175944,145268
256,165574,141462,175954,145270
257,165575,141471,175962,145265
258,165592,141462,175998,145279
259,165596,141446,176029,145286
260,165604,141451,175986,145267
261,165592,141449,175796,145198
262,165505,141429,175531,145095
263,165436,141410,175442,145052
264,165433,141400,175478,145073
265,165430,141415,175457,145058
266,165435,141422,175491,145074
267,165445,141410,175585,145108
268,165472,141407,175601,145116
269,165463,141406,175574,145093
270,165454,141401,175593,145114
271,165477,141391,175659,145148
272,165480,141378,175713,145159
273,165504,141382,175759,145181
274,165510,141380,175787,145184
275,165524,141371,175805,145193
276,165522,141367,175821,145193
277,165530,141367,175848,145206
278,165531,141370,175873,145207
279,165543,141368,175899,145212
280,165537,141351,175896,145201
281,165551,141360,175939,145212
282,165548,141359,175946,145218
283,165557,141354,175987,145230
284,165576,141354,175999,145228
285,165580,141342,175904,145199
286,165568,141337,175637,145095
287,165495,141317,175495,145044
288,165437,141296,175490,145043
289,165450,141312,175499,145036
290,165451,141370,175486,145035
291,165452,141373,175584,145076
292,165475,141390,175634,145084
293,165479,141395,175591,145077
294,165471,141407,175587,145074
295,165468,141401,175646,145095
296,165489,141386,175704,145117
297,165485,141386,175757,145121
298,165504,141395,175766,145133
299,165510,141387,175801,145141
300,165523,141388,175822,145136
301,165521,141394,175817,145135
302,165521,141407,175847,145142
303,165523,141397,175861,145152
304,165519,141395,175868,145154
305,165530,141401,175880,145155
306,165537,141407,175905,145152
307,165541,141409,175934,145167
308,165546,141400,175932,145162
309,165555,141398,175896,145143
310,165544,141399,175714,145073
311,165469,141379,175441,144972
312,165394,141375,175323,144935
313,165396,141379,175306,144932
314,165411,141378,175288,144918
315,165426,141383,175332,144934
316,165455,141376,175452,144970
317,165476,141384,175440,144972
318,165458,141384,175413,144959
319,165455,141387,175445,144978
320,165481,141378,175518,145004
321,165497,141370,175569,145020
322,165511,141379,175626,145040
323,165508,141377,175647,145056
324,165535,141377,175691,145059
325,165527,141385,175700,145067
326,165540,141371,175719,145070
327,165533,141378,175764,145093
328,165533,141380,175769,145091
329,165541,141384,175790,145088
330,165551,141385,175813,145096
331,165570,141376,175830,145107
332,165440,141182,175760,144918
333,165474,141160,175647,144874
334,165479,141160,175361,144790
335,165442,141157,175196,144723
336,165360,141123,175189,144721
337,165295,141093,175194,144722
338,165309,141114,175192,144721
339,165319,141112,175281,144750
340,165315,141105,175354,144771
341,165349,141116,175324,144764
342,165361,141121,175323,144765
343,165358,141114,175385,144787
344,165366,141110,175459,144815
345,165380,141105,175499,144829
346,165406,141102,175516,144832
347,165404,141093,175550,144840
348,165414,141085,175567,144854
349,165419,141087,175577,144845
350,165412,141079,175603,144858
351,165436,141071,175632,144865
352,165433,141070,175673,144869
353,165436,141068,175705,144878
354,165459,141081,175737,144891
355,165467,141082,175760,144896
356,165451,141066,175735,144883
357,165465,141071,175739,144873
358,165441,141068,175641,144835
359,165381,141045,175383,144748
360,165312,141044,175241,144702
361,165304,141044,175247,144699
362,165308,141041,175254,144695
363,165309,141039,175282,144707
364,165344,141036,175372,144744
365,165361,141040,175397,144763
366,165350,141036,175368,144738
367,165346,141034,175384,144743
368,165362,141043,175437,144763
369,165394,141032,175465,144767
370,165404,141039,175488,144775
371,165418,141038,175497,144767
372,165412,141034,175515,144778
373,165430,141044,175536,144771
374,165418,141044,175532,144775
375,165424,141046,175546,144781
376,165422,141051,175561,144774
377,165432,141071,175581,144775
378,165435,141084,175619,144787
379,165450,141089,175644,144797
380,165468,141084,175662,144788
381,165461,141062,175663,144793
382,165430,141044,175566,144759
383,165358,141001,175313,144664
384,165270,140971,175222,144636
385,165259,140956,175270,144658
386,165261,140964,175289,144665
387,165258,140973,175314,144678
388,165289,140971,175409,144717
389,165328,140994,175412,144715
390,165309,140997,175371,144701
391,165322,141014,175413,144714
392,165341,141016,175463,144730
393,165371,141008,175509,144745
394,165412,141025,175537,144766
395,165417,141035,175546,144763
396,165406,141019,175566,144760
397,165406,141007,175565,144753
398,165396,141001,175582,144750
399,165373,140982,175585,144758
400,165348,140973,175616,144769
401,165359,140973,175637,144772
402,165362,140971,175649,144776
403,165364,140969,175675,144794
404,165393,140986,175699,144799
405,165403,140988,175728,144803
406,165424,140980,175629,144763
407,165356,140972,175348,144671
408,165251,140947,175193,144616
409,165234,140950,175211,144620
410,165234,140939,175221,144616
411,165229,140952,175220,144613
412,165226,140954,175297,144637
413,165253,140950,175346,144657
414,165260,140955,175315,144633
415,165236,140955,175312,144639
416,165247,140947,175361,144649
417,165257,140944,175403,144673
418,165284,140943,175456,144698
419,165290,140943,175468,144695
420,165310,140942,175494,144698
421,165327,140941,175523,144701
422,165322,140946,175520,144690
423,165323,140939,175534,144693
424,165330,140941,175554,144699
425,165334,140932,175570,144710
426,165337,140916,175597,144720
427,165343,140923,175613,144722
428,165346,140914,175659,144739
429,165370,140916,175688,144750
430,165371,140901,175648,144729
431,165379,140897,175431,144647
432,165272,140666,175021,144317
433,165172,140643,175023,144320
434,165075,140615,175004,144307
435,165053,140618,175083,144333
436,165051,140610,175123,144347
437,165049,140621,175098,144340
438,165081,140624,175099,144334
439,165100,140629,175145,144354
440,165111,140626,175221,144375
441,165114,140624,175248,144390
442,165130,140622,175275,144398
443,165157,140617,175303,144401
444,165177,140601,175320,144411
445,165189,140614,175349,144419
446,165203,140621,175351,144419
447,165192,140608,175375,144424
448,165180,140606,175396,144427
449,165191,140616,175416,144424
450,165181,140620,175430,144426
451,165184,140616,175458,144441
452,165194,140617,175476,144439
453,165202,140625,175376,144403
454,165222,140613,175090,144310
455,165221,140605,174923,144250
456,165200,140598,174922,144246
457,165134,140588,174931,144241
458,165030,140552,174928,144240
459,165019,140561,175013,144267
460,165012,140556,175083,144291
461,165017,140554,175046,144276
462,165018,140557,175052,144278
463,165064,140557,175121,144304
464,165065,140548,175162,144319
465,165043,140558,175211,144340
466,165049,140546,175235,144343
467,165073,140544,175259,144348
468,165086,140545,175279,144353
469,165111,140545,175283,144341
470,165110,140546,175288,144348
471,165110,140545,175312,144352
472,165102,140543,175339,144349
473,165121,140542,175352,144363
474,165127,140536,175377,144375
475,165125,140528,175411,144388
476,165126,140534,175422,144391
477,165151,140537,175347,144355
478,165152,140520,175084,144257
479,165154,140508,174914,144208
480,165169,140506,174927,144207
481,165118,140497,174916,144203
482,165024,140474,174898,144196
483,164963,140450,175006,144232
484,164976,140446,175060,144242
485,164979,140448,175006,144226
486,164974,140446,175010,144224
487,164993,140443,175076,144247
488,165007,140440,175142,144275
489,164990,140436,175157,144282
490,164992,140445,175170,144279
491,165013,140433,175211,144287
492,165017,140422,175227,144292
493,165024,140419,175259,144300
494,165044,140414,175279,144304
495,165039,140423,175301,144312
496,165036,140413,175327,144326
497,165041,140410,175365,144341
498,165053,140419,175394,144348
499,165046,140410,175413,144360
500,165043,140407,175406,144344
501,165056,140406,175355,144325
502,165065,140389,175123,144236
503,165068,140387,174903,144164
504,165075,140387,174857,144146
505,165004,140382,174855,144136
506,164934,140357,174856,144125
507,164907,140363,174934,144167
508,164911,140357,175012,144192
509,164917,140369,174981,144182
510,164936,140382,174999,144188
511,164947,140381,175047,144210
512,164936,140366,175094,144222
513,164930,140362,175140,144231
514,164948,140369,175168,144243
515,164964,140367,175213,144253
516,164981,140358,175244,144270
517,164988,140356,175245,144267
518,164996,140358,175263,144267
519,164995,140354,175285,144266
520,164992,140354,175302,144281
521,164985,140355,175308,144271
522,164994,140359,175327,144283
523,165010,140362,175341,144281
524,165008,140356,175316,144268
525,165030,140368,175159,144207
526,165044,140361,174914,144111
527,165032,140351,174846,144098
528,164974,140339,174887,144115
529,164871,140320,174900,144117
530,164837,140317,174967,144135
531,164847,140331,175034,144153
532,164763,140196,174946,144000
533,164771,140200,174988,144008
534,164754,140195,175025,144023
535,164757,140199,175053,144023
536,164781,140215,175064,144030
537,164797,140205,175066,144030
538,164808,140205,175079,144036
539,164818,140204,175088,144028
540,164818,140203,175112,144029
541,164820,140203,175129,144039
542,164827,140207,175167,144045
543,164839,140194,175182,144057
544,164846,140206,175166,144044
545,164851,140217,174985,143967
546,164859,140212,174709,143881
547,164886,140211,174659,143867
548,164876,140202,174680,143862
549,164856,140200,174669,143867
550,164735,140177,174729,143884
551,164636,140164,174805,143913
552,164631,140156,174788,143905
553,164639,140175,174779,143894
554,164645,140189,174806,143910
555,164652,140183,174891,143942
556,164677,140175,174929,143957
557,164671,140158,174976,143980
558,164667,140151,175007,143975
559,164693,140140,175037,143989
560,164708,140145,175059,143986
561,164723,140150,175057,143989
562,164738,140145,175068,143981
563,164739,140139,175096,143990
564,164757,140145,175106,143990
565,164750,140129,175157,144013
566,164761,140132,175166,144016
567,164764,140134,175162,144012
568,164775,140137,174979,143937
569,164787,140140,174655,143815
570,164781,140133,174560,143791
571,164785,140119,174563,143790
572,164788,140117,174551,143783
573,164763,140119,174571,143788
574,164664,140091,174703,143833
575,164550,140081,174745,143864
576,164543,140094,174694,143825
577,164569,140101,174724,143840
578,164570,140119,174802,143866
579,164588,140111,174862,143897
580,164632,140125,174896,143910
581,164633,140127,174935,143918
582,164630,140119,174963,143927
583,164649,140101,175000,143932
584,164678,140095,175003,143940
585,164698,140069,175019,143939
586,164703,140050,175045,143946
587,164712,140035,175062,143942
588,164719,140032,175106,143954
589,164727,140045,175131,143961
590,164733,140060,175150,143969
591,164742,140075,175120,143950
592,164742,140074,174873,143858
593,164754,140070,174608,143767
594,164791,140074,174560,143766
595,164804,140070,174577,143766
596,164799,140058,174555,143754
597,164767,140047,174624,143778
598,164640,140011,174739,143820
599,164540,139989,174709,143809
600,164510,139979,174686,143795
601,164509,139971,174731,143823
602,164501,139962,174809,143851
603,164531,139956,174861,143869
604,164560,139953,174885,143864
605,164551,139954,174928,143880
606,164552,139953,174956,143890
607,164582,139949,174964,143899
608,164607,139939,174998,143903
609,164628,139935,175032,143911
610,164636,139943,175050,143918
611,164638,139926,175084,143933
612,164645,139932,175117,143937
613,164629,139920,175144,143955
614,164640,139922,175134,143951
615,164631,139921,175075,143921
616,164640,139936,174845,143824
617,164652,139931,174547,143717
618,164665,139922,174471,143700
619,164681,139925,174499,143695
620,164670,139930,174481,143686
621,164600,139912,174556,143721
622,164520,139895,174674,143766
623,164494,139894,174665,143762
624,164522,139884,174632,143758
625,164532,139903,174703,143771
626,164567,139912,174771,143795
627,164573,139909,174793,143810
628,164559,139906,174827,143806
629,164565,139898,174849,143809
630,164565,139903,174876,143821
631,164593,139894,174904,143826
632,164519,139727,175066,143742
633,164520,139726,174851,143653
634,164537,139733,174686,143599
635,164549,139730,174680,143603
636,164586,139758,174691,143604
637,164636,139793,174746,143612
638,164666,139815,174840,143639
639,164683,139824,174835,143637
640,164630,139829,174780,143621
641,164526,139807,174802,143633
642,164476,139798,174868,143658
643,164491,139808,174923,143666
644,164511,139823,174971,143692
645,164515,139814,175007,143703
646,164560,139823,175034,143723
647,164559,139812,175042,143724
648,164547,139815,175043,143718
649,164553,139803,175065,143714
650,164581,139807,175082,143725
651,164604,139808,175111,143734
652,164612,139817,175121,143736
653,164627,139818,175083,143718
654,164633,139813,174851,143619
655,164637,139825,174654,143563
656,164636,139818,174681,143566
657,164643,139809,174674,143573
658,164660,139828,174698,143569
659,164673,139825,174796,143607
660,164673,139820,174818,143606
661,164675,139822,174771,143594
662,164670,139816,174791,143597
663,164585,139802,174850,143618
664,164456,139775,174915,143639
665,164432,139779,174932,143640
666,164439,139777,174964,143658
667,164447,139783,175006,143669
668,164458,139784,174996,143669
669,164511,139788,175024,143672
670,164508,139791,175020,143674
671,164510,139794,175047,143677
672,164522,139773,175083,143681
673,164542,139775,175116,143695
674,164554,139783,175121,143697
675,164567,139775,175021,143659
676,164592,139785,174730,143548
677,164614,139794,174585,143509
678,164622,139789,174590,143518
679,164634,139785,174573,143506
680,164626,139793,174579,143500
681,164629,139796,174697,143537
682,164655,139800,174727,143542
683,164665,139806,174678,143524
684,164672,139792,174682,143530
685,164666,139808,174741,143543
686,164577,139789,174802,143567
687,164458,139756,174852,143583
688,164415,139762,174848,143580
689,164435,139763,174892,143604
690,164441,139778,174917,143596
691,164447,139778,174931,143606
692,164507,139783,174955,143613
693,164511,139778,174982,143623
694,164511,139785,175003,143634
695,164504,139773,175041,143635
696,164530,139765,175068,143645
697,164568,139776,175049,143634
698,164575,139779,174818,143550
699,164599,139763,174549,143448
700,164608,139776,174462,143426
701,164616,139766,174458,143427
702,164611,139763,174417,143401
703,164612,139765,174477,143432
704,164639,139761,174623,143476
705,164645,139765,174609,143469
706,164661,139754,174587,143466
707,164668,139751,174666,143500
708,164670,139743,174730,143525
709,164594,139727,174806,143555
710,164473,139698,174857,143559
711,164441,139693,174875,143577
712,164455,139700,174919,143592
713,164458,139705,174919,143592
714,164482,139703,174938,143585
715,164511,139701,174954,143586
716,164511,139689,174961,143583
717,164493,139681,175004,143602
718,164507,139680,175022,143622
719,164527,139657,175052,143616
720,164560,139665,175056,143617
721,164565,139672,174925,143563
722,164579,139666,174619,143455
723,164595,139671,174492,143408
724,164596,139656,174491,143405
725,164593,139656,174480,143396
726,164601,139658,174520,143410
727,164610,139656,174644,143460
728,164617,139633,174672,143469
729,164636,139643,174630,143450
730,164634,139650,174686,143477
731,164593,139628,174751,143502
732,164405,139470,175162,143493
733,164498,139469,175132,143500
734,164528,139470,175155,143509
735,164557,139499,175165,143510
736,164559,139499,175199,143518
737,164572,139497,175230,143529
738,164577,139499,175235,143530
739,164589,139502,175194,143512
740,164588,139506,174997,143442
741,164596,139510,174844,143374
742,164629,139518,174877,143392
743,164628,139520,174906,143401
744,164636,139531,174945,143417
745,164639,139523,174997,143436
746,164528,139509,175012,143429
747,164443,139496,174976,143431
748,164434,139486,174980,143425
749,164469,139510,175031,143444
750,164480,139513,175063,143453
751,164535,139521,175086,143458
752,164551,139521,175107,143465
753,164516,139499,175096,143457
754,164522,139514,175135,143475
755,164552,139512,175114,143465
756,164572,139506,175114,143456
757,164599,139512,175126,143461
758,164596,139525,175157,143472
759,164612,139511,175181,143475
760,164622,139518,175117,143447
761,164641,139517,174901,143361
762,164641,139514,174693,143298
763,164644,139513,174703,143291
764,164655,139518,174767,143312
765,164669,139519,174777,143319
766,164685,139531,174842,143345
767,164697,139533,174881,143360
768,164668,139539,174857,143337
769,164529,139515,174840,143335
770,164440,139525,174877,143353
771,164446,139525,174935,143368
772,164476,139533,174983,143386
773,164463,139511,175013,143409
774,164501,139497,175015,143410
775,164546,139479,175026,143407
776,164534,139475,175043,143410
777,164533,139472,175061,143400
778,164553,139479,175061,143406
779,164584,139490,175081,143414
780,164603,139507,175110,143422
781,164633,139518,175144,143433
782,164649,139527,175092,143410
783,164674,139531,174780,143297
784,164696,139545,174581,143217
785,164701,139537,174600,143225
786,164707,139534,174630,143243
787,164706,139530,174641,143244
788,164684,139521,174686,143266
789,164666,139509,174759,143285
790,164659,139504,174748,143283
791,164665,139489,174720,143281
792,164566,139475,174787,143296
793,164439,139450,174840,143328
794,164422,139465,174877,143338
795,164472,139476,174907,143351
796,164483,139483,174931,143352
797,164501,139478,174948,143352
798,164559,139498,174969,143357
799,164573,139492,174984,143362
800,164547,139487,174986,143368
801,164558,139480,175021,143368
802,164585,139487,175054,143392
803,164583,139477,175078,143393
804,164607,139474,175077,143385
805,164630,139482,174919,143334
806,164630,139470,174598,143207
807,164636,139463,174496,143182
808,164663,139480,174508,143184
809,164657,139463,174502,143176
810,164672,139460,174533,143183
811,164689,139468,174640,143229
812,164711,139460,174666,143238
813,164727,139460,174636,143220
814,164726,139465,174660,143233
815,164678,139457,174726,143261
816,164540,139417,174782,143288
817,164485,139404,174813,143300
818,164500,139420,174849,143309
819,164507,139396,174875,143326
820,164514,139399,174905,143322
821,164555,139396,174927,143333
822,164571,139394,174932,143331
823,164550,139385,174948,143342
824,164556,139374,174975,143345
825,164583,139365,175037,143369
826,164596,139358,175049,143387
827,164626,139359,175035,143365
828,164634,139355,174870,143316
829,164641,139338,174581,143207
830,164647,139339,174520,143189
831,164664,139332,174531,143191
832,164385,139282,174468,143055
833,164390,139281,174535,143066
834,164402,139295,174572,143093
835,164431,139292,174614,143095
836,164451,139297,174650,143109
837,164439,139285,174680,143119
838,164450,139285,174700,143129
839,164476,139269,174721,143130
840,164501,139270,174746,143140
841,164531,139274,174773,143141
842,164532,139260,174800,143159
843,164537,139262,174839,143169
844,164534,139253,174863,143169
845,164537,139246,174893,143193
846,164537,139256,174829,143157
847,164567,139258,174555,143053
848,164583,139266,174384,142999
849,164593,139269,174398,143006
850,164617,139265,174437,143022
851,164575,139270,174454,143030
852,164500,139238,174539,143061
853,164379,139225,174588,143091
854,164379,139223,174557,143067
855,164402,139245,174588,143072
856,164429,139250,174650,143104
857,164463,139247,174702,143125
858,164455,139246,174753,143147
859,164454,139248,174781,143158
860,164444,139244,174787,143162
861,164454,139242,174799,143155
862,164484,139239,174795,143154
863,164506,139247,174808,143160
864,164531,139255,174805,143160
865,164527,139253,174830,143152
866,164527,139252,174874,143167
867,164535,139253,174890,143172
868,164527,139257,174902,143161
869,164531,139264,174820,143129
870,164543,139271,174547,143033
871,164563,139279,174424,142998
872,164575,139271,174448,143009
873,164574,139273,174487,143011
874,164488,139263,174526,143023
875,164344,139235,174612,143063
876,164302,139229,174630,143061
877,164329,139247,174562,143045
878,164331,139255,174589,143059
879,164349,139260,174651,143086
880,164410,139271,174702,143092
881,164413,139275,174740,143113
882,164404,139286,174754,143114
883,164410,139291,174763,143106
884,164445,139288,174783,143114
885,164489,139291,174771,143105
886,164519,139299,174790,143116
887,164532,139309,174799,143102
888,164541,139306,174806,143111
889,164544,139304,174835,143131
890,164563,139306,174869,143140
891,164556,139305,174877,143135
892,164578,139306,174728,143074
893,164586,139326,174392,142954
894,164610,139319,174257,142899
895,164620,139317,174278,142927
896,164628,139327,174291,142910
897,164595,139342,174277,142913
898,164418,139297,174380,142958
899,164322,139279,174419,142966
900,164337,139295,174370,142948
901,164346,139299,174386,142954
902,164341,139302,174444,142978
903,164384,139304,174504,142996
904,164421,139307,174551,143008
905,164412,139317,174575,143015
906,164420,139324,174608,143026
907,164448,139319,174618,143021
908,164457,139319,174618,143030
909,164503,139323,174635,143021
910,164515,139325,174637,143025
911,164521,139326,174655,143023
912,164535,139324,174685,143034
913,164549,139325,174716,143043
914,164554,139316,174734,143053
915,164572,139319,174635,143007
916,164575,139321,174291,142886
917,164592,139303,174076,142803
918,164587,139306,174072,142812
919,164595,139299,174071,142812
920,164611,139296,174038,142808
921,164567,139284,174160,142849
922,164426,139255,174233,142881
923,164314,139237,174169,142856
924,164306,139225,174158,142853
925,164340,139245,174235,142888
926,164340,139257,174308,142916
927,164367,139255,174368,142925
928,164420,139254,174409,142947
929,164411,139270,174432,142948
930,164404,139262,174441,142952
931,164438,139295,174454,142950
932,164410,139161,174051,142700
933,164425,139170,174055,142699
934,164425,139162,173905,142625
935,164429,139161,173479,142474
936,164456,139167,173261,142395
937,164468,139156,173314,142416
938,164473,139145,173311,142431
939,164462,139137,173305,142433
940,164338,139109,173478,142480
941,164186,139074,173573,142513
942,164142,139062,173541,142501
943,164134,139070,173531,142501
944,164145,139080,173594,142528
945,164180,139077,173659,142544
946,164240,139079,173727,142569
947,164215,139062,173781,142594
948,164193,139033,173834,142612
949,164203,139039,173885,142632
950,164238,139039,173927,142642
951,164287,139033,173957,142656
952,164299,139042,174018,142677
953,164320,139039,174084,142709
954,164334,139031,174158,142742
955,164334,139038,174248,142769
956,164345,139044,174310,142799
957,164369,139035,174361,142812
958,164388,139049,174268,142771
959,164408,139050,173959,142653
960,164415,139051,173785,142607
961,164439,139054,173832,142625
962,164453,139060,173871,142643
963,164371,139037,173921,142657
964,164236,139001,174062,142716
965,164187,139009,174146,142749
966,164209,139018,174107,142752
967,164219,139024,174143,142772
968,164243,139051,174229,142800
969,164298,139068,174283,142815
970,164255,139055,174330,142830
971,164251,139067,174330,142838
972,164280,139073,174308,142814
973,164313,139078,174257,142788
974,164329,139069,174216,142765
975,164361,139058,174210,142747
976,164369,139035,174204,142737
977,164379,139008,174237,142754
978,164385,139023,174262,142764
979,164385,139026,174278,142760
980,164382,139040,174259,142753
981,164394,139042,174017,142647
982,164409,139054,173733,142536
983,164429,139064,173652,142515
984,164445,139059,173695,142526
985,164392,139053,173760,142559
986,164261,139029,173878,142600
987,164165,139025,173956,142628
988,164151,139014,173920,142607
989,164158,139022,173906,142606
990,164131,139019,173988,142632
991,164155,139017,174036,142658
992,164167,139018,174070,142660
993,164137,139016,174139,142688
994,164146,139019,174226,142726
995,164170,139028,174301,142745
996,164206,139032,174281,142737
997,164246,139038,174302,142753
998,164270,139046,174382,142784
999,164295,139050,174462,142825
1000,164316,139063,174517,142834
1001,164334,139057,174457,142813
1002,164334,139056,174138,142683
1003,164348,139059,173832,142575
1004,164367,139055,173812,142568
1005,164375,139061,173856,142589
1006,164384,139067,173827,142578
1007,164392,139066,173904,142602
1008,164383,139074,174048,142657
1009,164269,139059,174052,142667
1010,164106,139042,174009,142643
1011,164062,139032,174040,142659
1012,164081,139066,174099,142666
1013,164093,139076,174158,142686
1014,164115,139072,174214,142709
1015,164182,139110,174243,142728
1016,164198,139129,174277,142733
1017,164179,139123,174287,142726
1018,164184,139125,174297,142724
1019,164215,139140,174307,142730
1020,164247,139138,174353,142742
1021,164283,139161,174393,142751
1022,164315,139177,174386,142751
1023,164340,139186,174136,142653
1024,164361,139197,173782,142518
1025,164376,139202,173681,142492
1026,164415,139239,173726,142509
1027,164448,139252,173692,142495
1028,164465,139263,173755,142518
1029,164487,139256,173900,142576
1030,164493,139247,173923,142583
1031,164496,139239,173873,142559
1032,164252,138907,173866,142450
1033,164232,138919,173459,142305
1034,164260,138925,173379,142292
1035,164299,138933,173456,142312
1036,164315,138924,173409,142298
1037,164342,138937,173481,142313
1038,164352,138957,173623,142377
1039,164377,138941,173661,142397
1040,164394,138935,173634,142385
1041,164419,138943,173692,142407
1042,164430,138950,173798,142449
1043,164453,138951,173865,142471
1044,164457,138940,173899,142486
1045,164450,138948,173930,142489
1046,164365,138924,173966,142500
1047,164162,138892,173992,142510
1048,164050,138878,174006,142522
1049,164076,138886,174055,142532
1050,164081,138895,174108,142553
1051,164089,138888,174082,142542
1052,164165,138895,173751,142402
1053,164209,138907,173302,142244
1054,164196,138903,173206,142212
1055,164201,138899,173280,142243
1056,164230,138898,173314,142252
1057,164280,138904,173482,142329
1058,164298,138886,173718,142420
1059,164311,138888,173715,142416
1060,164328,138887,173684,142404
1061,164340,138895,173740,142427
1062,164325,138881,173837,142466
1063,164341,138877,173869,142476
1064,164327,138876,173898,142484
1065,164346,138883,173935,142500
1066,164373,138876,173961,142505
1067,164391,138877,173987,142515
1068,164335,138861,174016,142531
1069,164183,138817,174059,142535
1070,164086,138796,174109,142561
1071,164099,138787,174008,142520
1072,164117,138798,173565,142348
1073,164112,138788,173232,142225
1074,164181,138805,173270,142255
1075,164222,138814,173292,142254
1076,164201,138804,173287,142251
1077,164214,138811,173458,142305
1078,164248,138825,173554,142348
1079,164294,138833,173487,142319
1080,164341,138829,173484,142311
1081,164377,138888,173569,142348
1082,164401,138923,173636,142374
1083,164417,138925,173666,142388
1084,164424,138923,173713,142397
1085,164428,138924,173766,142417
1086,164457,138925,173786,142428
1087,164493,138934,173826,142438
1088,164506,138941,173863,142441
1089,164521,138947,173846,142447
1090,164455,138928,173526,142317
1091,164254,138888,173058,142145
1092,164142,138882,173004,142131
1093,164146,138899,173056,142146
1094,164183,138921,173044,142136
1095,164179,138917,173193,142195
1096,164247,138941,173345,142247
1097,164266,138961,173345,142253
1098,164226,138953,173302,142240
1099,164229,138959,173365,142257
1100,164263,138967,173432,142279
1101,164273,138971,173517,142312
1102,164293,138973,173563,142319
1103,164303,138994,173556,142305
1104,164302,138985,173537,142302
1105,164279,138963,173562,142302
1106,164306,138971,173585,142314
1107,164329,138984,173593,142317
1108,164340,138965,173396,142227
1109,164371,138964,172856,142021
1110,164384,138956,172645,141945
1111,164279,138913,172648,141956
1112,164146,138873,172682,141959
1113,164114,138863,172842,142031
1114,164147,138882,173132,142133
1115,164186,138881,173184,142157
1116,164250,138878,173098,142127
1117,164284,138863,173104,142121
1118,164243,138866,173136,142124
1119,164237,138874,173209,142150
1120,164249,138872,173290,142179
1121,164279,138873,173351,142197
1122,164290,138885,173416,142228
1123,164308,138885,173457,142237
1124,164329,138888,173434,142232
1125,164329,138877,173467,142236
1126,164346,138879,173565,142273
1127,164360,138883,173602,142281
1128,164372,138873,173454,142222
1129,164394,138892,172954,142015
1130,164330,138875,172626,141901
1131,164140,138837,172658,141918
1132,163823,138714,173794,142276
1133,163840,138738,173779,142254
1134,163867,138748,173410,142106
1135,163950,138760,172992,141948
1136,163986,138745,173007,141959
1137,163952,138738,173095,141998
1138,163936,138712,173146,142015
1139,163979,138723,173297,142075
1140,164048,138747,173448,142125
1141,164079,138754,173413,142110
1142,164108,138745,173395,142116
1143,164117,138753,173453,142140
1144,164136,138756,173542,142171
1145,164146,138738,173620,142193
1146,164152,138744,173707,142226
1147,164168,138729,173762,142249
1148,164180,138714,173800,142275
1149,164207,138727,173808,142275
1150,164174,138715,173836,142273
1151,163979,138655,173883,142293
1152,163817,138625,173926,142307
1153,163827,138623,173978,142321
1154,163857,138629,174016,142334
1155,163876,138632,173857,142271
1156,163950,138648,173442,142105
1157,163996,138674,173228,142035
1158,163965,138679,173284,142057
1159,163963,138679,173353,142086
1160,163994,138665,173432,142126
1161,164027,138689,173576,142178
1162,164063,138692,173578,142176
1163,164071,138682,173528,142157
1164,164102,138685,173562,142174
1165,164112,138683,173624,142204
1166,164110,138694,173711,142230
1167,164136,138691,173762,142249
1168,164150,138693,173803,142262
1169,164185,138700,173825,142278
1170,164156,138701,173821,142273
1171,163979,138674,173821,142271
1172,163841,138638,173850,142283
1173,163851,138650,173897,142295
1174,163878,138652,173950,142310
1175,163912,138668,173969,142323
1176,163991,138669,173868,142268
1177,164013,138664,173467,142114
1178,163969,138640,173194,142031
1179,163961,138650,173246,142043
1180,163989,138635,173302,142067
1181,164013,138631,173380,142091
1182,164050,138634,173523,142144
1183,164065,138616,173562,142160
1184,164082,138606,173511,142137
1185,164105,138607,173527,142149
1186,164103,138605,173622,142182
1187,164124,138601,173695,142212
1188,164137,138624,173751,142243
1189,164159,138652,173812,142255
1190,164113,138652,173851,142280
1191,163880,138624,173884,142284
1192,163782,138621,173899,142296
1193,163793,138642,173924,142301
1194,163823,138663,173966,142324
1195,163856,138698,173998,142335
1196,163939,138713,174039,142347
1197,163971,138700,174058,142356
1198,163954,138672,173913,142295
1199,163955,138656,173469,142118
1200,164000,138679,173206,142031
1201,164052,138708,173265,142060
1202,164091,138725,173307,142064
1203,164109,138720,173333,142071
1204,164139,138696,173486,142140
1205,164162,138689,173542,142165
1206,164180,138681,173519,142148
1207,164200,138670,173538,142160
1208,164228,138664,173612,142201
1209,164246,138660,173708,142225
1210,164275,138671,173758,142246
1211,164196,138656,173826,142270
1212,163959,138618,173865,142274
1213,163871,138616,173888,142279
1214,163925,138663,173915,142301
1215,163964,138692,173946,142308
1216,164020,138737,173971,142325
1217,164118,138779,173993,142316
1218,164122,138772,174026,142329
1219,164073,138741,174080,142360
1220,164051,138739,174100,142355
1221,164069,138746,174031,142332
1222,164085,138742,173617,142161
1223,164110,138733,173311,142049
1224,164150,138761,173315,142060
1225,164182,138768,173356,142079
1226,164213,138775,173362,142074
1227,164254,138782,173478,142125
1228,164274,138782,173583,142170
1229,164312,138782,173560,142155
1230,164347,138776,173551,142152
1231,164359,138765,173616,142175
1232,164000,138656,174205,142403
1233,164065,138624,174235,142383
1234,164097,138628,174247,142392
1235,164138,138638,174272,142401
1236,164160,138645,174283,142406
1237,164175,138655,174295,142406
1238,164181,138669,174306,142413
1239,164185,138674,174312,142422
1240,164201,138655,174323,142417
1241,164211,138656,174320,142420
1242,164232,138622,174202,142372
1243,164254,138605,173805,142216
1244,164277,138597,173584,142151
1245,164307,138586,173610,142160
1246,164291,138598,173621,142159
1247,164121,138561,173637,142167
1248,163924,138519,173739,142198
1249,163899,138534,173808,142230
1250,163935,138552,173762,142209
1251,163968,138571,173790,142215
1252,164014,138571,173849,142235
1253,164089,138606,173927,142262
1254,164071,138595,173977,142281
1255,164055,138581,174011,142304
1256,164060,138583,174050,142305
1257,164079,138575,174067,142313
1258,164090,138566,174095,142325
1259,164116,138574,174112,142325
1260,164134,138564,174124,142332
1261,164145,138560,174138,142334
1262,164168,138549,174149,142344
1263,164198,138555,174173,142355
1264,164221,138553,174204,142371
1265,164237,138549,174239,142389
1266,164258,138553,174198,142379
1267,164279,138543,173900,142257
1268,164309,138544,173572,142140
1269,164310,138545,173521,142121
1270,164299,138538,173532,142133
1271,164109,138485,173513,142128
1272,163935,138450,173622,142174
1273,163897,138447,173711,142196
1274,163931,138457,173694,142185
1275,163963,138471,173657,142174
1276,163992,138459,173732,142211
1277,164049,138463,173821,142233
1278,164037,138463,173868,142249
1279,164017,138447,173926,142270
1280,164038,138444,173977,142284
1281,164057,138454,173989,142290
1282,164098,138446,174015,142311
1283,164130,138442,174034,142308
1284,164145,138440,174064,142314
1285,164157,138439,174060,142316
1286,164167,138440,174078,142314
1287,164181,138442,174096,142321
1288,164177,138434,174142,142327
1289,164194,138433,174147,142330
1290,164210,138424,174054,142283
1291,164227,138429,173664,142131
1292,164243,138423,173351,142013
1293,164248,138420,173266,141987
1294,164160,138416,173275,141984
1295,163998,138384,173290,141990
1296,163905,138373,173407,142025
1297,163943,138391,173425,142037
1298,163976,138409,173359,142012
1299,164014,138422,173380,142025
1300,164073,138431,173426,142041
1301,164037,138413,173526,142073
1302,164021,138405,173615,142108
1303,164022,138403,173676,142137
1304,164053,138404,173703,142152
1305,164086,138397,173726,142170
1306,164116,138411,173737,142168
1307,164127,138416,173743,142172
1308,164142,138427,173748,142171
1309,164161,138426,173782,142171
1310,164166,138430,173820,142177
1311,164154,138424,173858,142188
1312,164176,138429,173875,142200
1313,164200,138435,173785,142166
1314,164212,138439,173451,142027
1315,164251,138437,173216,141956
1316,164238,138443,173225,141967
1317,164115,138408,173269,141968
1318,163920,138370,173324,141991
1319,163862,138369,173442,142037
1320,163885,138368,173448,142035
1321,163885,138361,173371,142011
1322,163896,138374,173395,142009
1323,163964,138396,173452,142039
1324,163972,138396,173540,142073
1325,163940,138389,173581,142091
1326,163941,138389,173629,142105
1327,163977,138385,173667,142111
1328,164011,138389,173689,142123
1329,164043,138392,173718,142137
1330,164066,138393,173755,142147
1331,164064,138401,173768,142146
1332,164177,138546,173667,142032
1333,164195,138562,173702,142049
1334,164206,138553,173753,142077
1335,164231,138532,173778,142073
1336,164247,138555,173731,142057
1337,164208,138537,173436,141948
1338,164006,138491,173137,141838
1339,163825,138461,173080,141819
1340,163802,138454,173132,141839
1341,163835,138463,173159,141853
1342,163855,138473,173250,141885
1343,163877,138483,173318,141907
1344,163934,138487,173253,141879
1345,163929,138480,173229,141869
1346,163910,138467,173298,141888
1347,163929,138465,173369,141921
1348,163978,138474,173447,141943
1349,164008,138488,173492,141964
1350,164044,138489,173538,141975
1351,164053,138497,173558,141986
1352,164058,138503,173558,141974
1353,164081,138511,173575,141987
1354,164085,138503,173609,141993
1355,164093,138501,173626,141996
1356,164115,138514,173661,142012
1357,164145,138520,173682,142005
1358,164172,138530,173721,142026
1359,164180,138527,173729,142027
1360,164190,138529,173522,141945
1361,164139,138513,173090,141773
1362,163910,138460,172878,141704
1363,163768,138432,172914,141718
1364,163764,138434,172932,141726
1365,163799,138462,172925,141724
1366,163811,138460,173056,141786
1367,163856,138480,173099,141786
1368,163923,138491,173051,141775
1369,163919,138499,173061,141774
1370,163895,138497,173131,141803
1371,163933,138492,173221,141845
1372,163985,138498,173266,141855
1373,164026,138517,173324,141864
1374,164028,138517,173349,141872
1375,164053,138520,173354,141877
1376,164070,138531,173380,141891
1377,164078,138533,173411,141884
1378,164080,138521,173440,141896
1379,164082,138513,173485,141915
1380,164106,138508,173503,141923
1381,164131,138522,173559,141934
1382,164138,138513,173593,141946
1383,164165,138522,173619,141950
1384,164209,138529,173491,141904
1385,164199,138534,173031,141730
1386,164076,138511,172704,141606
1387,163843,138455,172673,141599
1388,163766,138445,172680,141606
1389,163801,138460,172675,141592
1390,163825,138482,172798,141651
1391,163842,138470,172935,141708
1392,163906,138494,172916,141703
1393,163940,138503,172930,141704
1394,163901,138494,172996,141723
1395,163919,138498,173076,141743
1396,163957,138507,173133,141772
1397,163991,138503,173185,141794
1398,164038,138519,173209,141802
1399,164065,138531,173234,141821
1400,164072,138531,173246,141823
1401,164078,138531,173272,141815
1402,164090,138530,173305,141837
1403,164102,138530,173345,141850
1404,164117,138537,173375,141869
1405,164131,138526,173405,141875
1406,164148,138530,173457,141898
1407,164171,138539,173516,141910
1408,164212,138540,173515,141907
1409,164215,138533,173320,141831
1410,164191,138540,172846,141645
1411,164025,138494,172573,141546
1412,163799,138426,172551,141540
1413,163773,138430,172561,141547
1414,163806,138445,172542,141541
1415,163816,138458,172680,141605
1416,163845,138453,172773,141634
1417,163922,138464,172724,141616
1418,163937,138469,172745,141619
1419,163912,138467,172831,141660
1420,163925,138461,172954,141710
1421,163971,138458,173038,141734
1422,164001,138461,173088,141748
1423,164032,138460,173124,141771
1424,164050,138455,173156,141775
1425,164066,138465,173186,141779
1426,164093,138481,173220,141797
1427,164101,138481,173257,141802
1428,164115,138481,173290,141826
1429,164106,138497,173340,141836
1430,164125,138515,173386,141846
1431,164154,138516,173441,141877
1432,164140,138481,173516,141854
1433,164158,138472,173588,141861
1434,164165,138474,173634,141870
1435,164128,138470,173651,141875
1436,163928,138409,173632,141868
1437,163766,138368,173349,141758
1438,163759,138378,172948,141600
1439,163790,138387,172831,141571
1440,163779,138377,172861,141586
1441,163849,138388,172828,141575
1442,163904,138399,172901,141603
1443,163884,138390,173033,141664
1444,163872,138386,173047,141663
1445,163898,138393,173025,141654
1446,163932,138383,173046,141669
1447,163967,138389,173139,141698
1448,163994,138381,173198,141725
1449,163997,138369,173234,141740
1450,164005,138383,173305,141761
1451,164026,138384,173336,141771
1452,164035,138404,173385,141794
1453,164044,138402,173436,141817
1454,164063,138410,173477,141830
1455,164084,138417,173531,141841
1456,164094,138404,173570,141860
1457,164124,138407,173614,141871
1458,164126,138404,173638,141885
1459,164108,138393,173660,141888
1460,163968,138367,173674,141887
1461,163778,138321,173609,141867
1462,163730,138318,173247,141712
1463,163767,138342,172917,141602
1464,163800,138348,172855,141581
1465,163830,138364,172913,141598
1466,163889,138377,172917,141607
1467,163883,138385,173024,141646
1468,163862,138377,173063,141660
1469,163890,138381,173033,141654
1470,163923,138397,173052,141652
1471,163957,138408,173105,141674
1472,163977,138406,173176,141707
1473,164000,138411,173260,141729
1474,164021,138420,173300,141752
1475,164021,138430,173347,141782
1476,164042,138430,173398,141799
1477,164040,138432,173476,141835
1478,164061,138436,173540,141862
1479,164090,138440,173585,141894
1480,164100,138447,173643,141915
1481,164118,138446,173719,141937
1482,164136,138447,173781,141977
1483,164153,138446,173837,142005
1484,164108,138444,173838,142015
1485,163900,138392,173643,141936
1486,163729,138348,173240,141766
1487,163705,138353,173007,141681
1488,163746,138364,173025,141693
1489,163744,138372,173027,141713
1490,163774,138384,173051,141721
1491,163842,138405,173159,141761
1492,163836,138420,173224,141784
1493,163824,138418,173231,141787
1494,163851,138424,173253,141798
1495,163898,138434,173281,141800
1496,163957,138433,173309,141804
1497,163988,138428,173347,141810
1498,164001,138414,173376,141821
1499,164006,138400,173336,141785
1500,164012,138376,173316,141763
1501,164035,138384,173318,141757
1502,164052,138382,173341,141763
1503,164076,138402,173384,141776
1504,164084,138414,173370,141773
1505,164100,138405,173443,141787
1506,164128,138430,173513,141818
1507,164147,138429,173514,141817
1508,164188,138436,173347,141737
1509,164201,138454,172991,141609
1510,164083,138422,172882,141588
1511,163840,138356,172994,141637
1512,163734,138340,173073,141679
1513,163747,138352,173137,141708
1514,163746,138359,173297,141765
1515,163740,138347,173415,141821
1516,163806,138357,173433,141830
1517,163835,138372,173456,141839
1518,163831,138367,173484,141846
1519,163842,138383,173534,141862
1520,163869,138386,173594,141894
1521,163945,138391,173699,141944
1522,163977,138404,173756,141971
1523,164006,138402,173746,141958
1524,164026,138405,173760,141964
1525,164040,138416,173752,141958
1526,164066,138415,173771,141940
1527,164064,138410,173823,141975
1528,164074,138411,173884,142003
1529,164096,138429,173897,142011
1530,164113,138409,173759,141935
1531,164128,138412,173282,141729
1532,164012,138376,172861,141551
1533,163895,138195,172941,141557
1534,163754,138194,172979,141564
1535,163744,138208,173028,141580
1536,163765,138212,173050,141590
1537,163784,138209,173101,141608
1538,163875,138220,173127,141614
1539,163927,138241,173163,141622
1540,163898,138216,173222,141643
1541,163897,138221,173271,141662
1542,163938,138220,173320,141675
1543,163981,138225,173280,141664
1544,164035,138230,172859,141497
1545,164065,138249,172431,141337
1546,164112,138239,172359,141315
1547,164134,138261,172421,141337
1548,164139,138267,172400,141332
1549,164163,138249,172473,141348
1550,164165,138226,172656,141429
1551,164185,138246,172717,141440
1552,164197,138245,172707,141437
1553,164186,138247,172740,141451
1554,164079,138220,172834,141490
1555,163884,138192,172943,141532
1556,163823,138180,173011,141554
1557,163845,138192,173068,141574
1558,163867,138220,173134,141604
1559,163912,138221,173182,141611
1560,163988,138225,173212,141621
1561,163981,138236,173248,141652
1562,163957,138238,173308,141651
1563,163954,138249,173355,141677
1564,163982,138261,173396,141683
1565,163980,138261,173449,141713
1566,163984,138258,173494,141728
1567,163985,138255,173477,141708
1568,164005,138265,173102,141562
1569,164020,138280,172702,141410
1570,164036,138290,172638,141387
1571,164060,138296,172684,141411
1572,164094,138305,172685,141398
1573,164110,138317,172767,141447
1574,164106,138308,172922,141513
1575,163928,138261,172944,141523
1576,163755,138228,172909,141505
1577,163723,138218,172964,141532
1578,163734,138219,173048,141564
1579,163727,138225,173135,141590
1580,163781,138243,173192,141625
1581,163859,138262,173240,141636
1582,163828,138238,173281,141646
1583,163790,138227,173313,141659
1584,163822,138239,173336,141656
1585,163852,138241,173364,141670
1586,163897,138254,173399,141678
1587,163932,138262,173451,141703
1588,163960,138277,173514,141728
1589,163996,138282,173535,141734
1590,164007,138290,173493,141704
1591,164028,138313,173108,141556
1592,164045,138328,172766,141422
1593,164060,138327,172749,141426
1594,164071,138328,172817,141461
1595,164062,138317,172854,141460
1596,163893,138263,172976,141515
1597,163658,138188,173074,141549
1598,163593,138162,173053,141540
1599,163616,138184,173043,141537
1600,163603,138192,173101,141555
1601,163628,138194,173164,141580
1602,163736,138209,173252,141609
1603,163777,138219,173325,141638
1604,163745,138210,173369,141653
1605,163768,138209,173405,141661
1606,163813,138210,173440,141660
1607,163859,138233,173468,141677
1608,163900,138272,173497,141686
1609,163945,138283,173509,141685
1610,163957,138298,173552,141696
1611,163983,138316,173590,141710
1612,163974,138292,173619,141713
1613,163970,138273,173557,141704
1614,163994,138278,173140,141523
1615,164014,138294,172781,141400
1616,164040,138288,172771,141393
1617,164065,138295,172818,141419
1618,164035,138308,172827,141426
1619,163788,138245,172871,141445
1620,163594,138208,172968,141492
1621,163574,138213,172981,141491
1622,163592,138221,172973,141481
1623,163576,138216,173006,141502
1624,163634,138210,173077,141519
1625,163714,138220,173165,141550
1626,163720,138230,173224,141573
1627,163708,138228,173259,141584
1628,163731,138235,173298,141599
1629,163773,138246,173338,141607
1630,163821,138253,173363,141613
1631,163848,138260,173381,141631
1632,163995,138206,172535,141221
1633,164013,138205,172440,141207
1634,164041,138206,172460,141210
1635,164083,138221,172459,141208
1636,164096,138219,172546,141242
1637,164118,138223,172776,141342
1638,164011,138197,172890,141391
1639,163740,138128,172888,141390
1640,163614,138102,172959,141416
1641,163631,138119,173037,141447
1642,163655,138129,173048,141444
1643,163667,138137,173056,141445
1644,163722,138158,173100,141458
1645,163781,138169,173177,141483
1646,163780,138175,173255,141519
1647,163767,138172,173337,141545
1648,163785,138154,173437,141594
1649,163835,138161,173544,141632
1650,163870,138160,173624,141667
1651,163900,138169,173710,141706
1652,163931,138178,173755,141718
1653,163958,138185,173748,141725
1654,163971,138191,173573,141653
1655,163987,138194,173145,141483
1656,163988,138194,172911,141396
1657,164002,138189,172846,141375
1658,164019,138186,172744,141324
1659,164040,138180,172704,141294
1660,164064,138176,172842,141346
1661,164032,138171,172926,141379
1662,163814,138108,172910,141379
1663,163617,138039,172967,141400
1664,163602,138044,173069,141445
1665,163651,138066,173157,141473
1666,163672,138086,173215,141502
1667,163707,138091,173287,141524
1668,163781,138104,173367,141554
1669,163780,138122,173421,141578
1670,163767,138119,173461,141597
1671,163758,138108,173461,141587
1672,163798,138112,173461,141581
1673,163843,138117,173504,141583
1674,163876,138123,173567,141617
1675,163897,138138,173625,141637
1676,163909,138144,173621,141634
1677,163933,138143,173427,141559
1678,163925,138153,173093,141443
1679,163942,138148,173005,141418
1680,163957,138155,173066,141441
1681,163990,138168,173057,141438
1682,164007,138161,173133,141465
1683,164019,138167,173247,141501
1684,163919,138131,173221,141497
1685,163697,138074,173174,141476
1686,163598,138042,173211,141492
1687,163634,138063,173303,141531
1688,163672,138075,173383,141563
1689,163707,138098,173452,141591
1690,163782,138119,173529,141622
1691,163791,138119,173565,141641
1692,163755,138111,173613,141656
1693,163754,138102,173628,141652
1694,163784,138103,173665,141659
1695,163823,138100,173683,141668
1696,163841,138087,173713,141673
1697,163887,138107,173742,141690
1698,163891,138120,173756,141683
1699,163922,138139,173574,141619
1700,163939,138156,173216,141472
1701,163949,138163,173107,141434
1702,163966,138159,173135,141459
1703,163979,138158,173160,141461
1704,164009,138147,173194,141483
1705,164007,138132,173335,141526
1706,163925,138106,173360,141545
1707,163684,138034,173333,141536
1708,163559,138006,173368,141543
1709,163587,138029,173433,141568
1710,163621,138072,173500,141592
1711,163663,138119,173548,141609
1712,163742,138169,173585,141634
1713,163788,138190,173635,141634
1714,163776,138199,173620,141635
1715,163756,138175,173618,141628
1716,163798,138199,173587,141611
1717,163838,138208,173550,141587
1718,163855,138201,173556,141594
1719,163891,138191,173587,141613
1720,163912,138180,173651,141634
1721,163907,138173,173659,141648
1722,163926,138160,173416,141538
1723,163920,138143,172984,141386
1724,163926,138137,172811,141343
1725,163949,138144,172861,141360
1726,163973,138159,172867,141366
1727,163998,138151,172873,141376
1728,164001,138167,173032,141432
1729,163856,138140,173128,141476
1730,163622,138067,173141,141463
1731,163553,138064,173142,141469
1732,163564,137864,173494,141546
1733,163595,137869,173493,141536
1734,163626,137878,173473,141521
1735,163667,137881,173483,141525
1736,163687,137880,173489,141532
1737,163707,137887,173479,141523
1738,163732,137915,173494,141525
1739,163733,137910,173502,141529
1740,163751,137907,173529,141531
1741,163765,137910,173577,141566
1742,163794,137909,173615,141576
1743,163801,137911,173653,141601
1744,163825,137919,173684,141613
1745,163857,137910,173609,141581
1746,163866,137928,173230,141431
1747,163815,137909,172985,141341
1748,163576,137842,173018,141365
1749,163412,137800,173090,141384
1750,163417,137827,173107,141390
1751,163436,137816,173186,141424
1752,163430,137815,173279,141458
1753,163474,137823,173264,141442
1754,163547,137837,173227,141439
1755,163544,137828,173278,141462
1756,163524,137813,173347,141482
1757,163530,137811,173408,141509
1758,163573,137813,173463,141532
1759,163613,137813,173515,141544
1760,163634,137785,173539,141553
1761,163659,137778,173575,141570
1762,163677,137766,173601,141577
1763,163677,137747,173635,141594
1764,163710,137718,173673,141611
1765,163729,137710,173701,141617
1766,163727,137715,173738,141632
1767,163767,137759,173780,141649
1768,163777,137757,173790,141652
1769,163802,137764,173759,141645
1770,163829,137776,173508,141537
1771,163831,137769,173182,141418
1772,163697,137728,173120,141399
1773,163463,137673,173189,141432
1774,163407,137668,173205,141429
1775,163439,137690,173269,141466
1776,163457,137704,173394,141510
1777,163478,137709,173394,141501
1778,163544,137718,173361,141496
1779,163572,137717,173396,141510
1780,163542,137712,173448,141527
1781,163544,137707,173517,141561
1782,163570,137722,173557,141576
1783,163629,137741,173591,141579
1784,163643,137746,173622,141584
1785,163680,137742,173610,141575
1786,163696,137753,173622,141580
1787,163704,137753,173633,141588
1788,163711,137767,173649,141596
1789,163715,137773,173687,141606
1790,163739,137778,173717,141620
1791,163750,137789,173735,141629
1792,163777,137785,173720,141615
1793,163791,137798,173559,141544
1794,163816,137797,173196,141413
1795,163789,137798,173033,141356
1796,163599,137740,173094,141378
1797,163401,137700,173110,141385
1798,163385,137703,173172,141407
1799,163418,137721,173291,141448
1800,163449,137733,173291,141458
1801,163491,137748,173245,141430
1802,163552,137765,173263,141435
1803,163528,137755,173336,141470
1804,163512,137755,173397,141486
1805,163530,137760,173441,141508
1806,163551,137762,173472,141514
1807,163594,137781,173491,141512
1808,163627,137793,173521,141532
1809,163650,137802,173524,141521
1810,163668,137830,173530,141536
1811,163683,137826,173558,141532
1812,163679,137818,173557,141531
1813,163698,137809,173592,141542
1814,163709,137796,173638,141558
1815,163726,137793,173644,141573
1816,163755,137789,173610,141551
1817,163774,137766,173286,141417
1818,163796,137771,172893,141265
1819,163785,137786,172793,141250
1820,163599,137729,172806,141248
1821,163386,137694,172792,141237
1822,163336,137702,172838,141265
1823,163372,137725,172956,141307
1824,163405,137746,172979,141312
1825,163420,137758,172913,141293
1826,163492,137783,172946,141311
1827,163512,137784,173039,141341
1828,163486,137769,173116,141378
1829,163504,137783,173178,141397
1830,163555,137810,173228,141397
1831,163601,137841,173261,141418
1832,163626,137840,173227,141313
1833,163637,137850,173210,141343
1834,163650,137854,173240,141347
1835,163661,137855,173246,141343
1836,163684,137865,173265,141346
1837,163705,137873,173299,141350
1838,163725,137892,173316,141365
1839,163746,137888,173348,141379
1840,163763,137884,173326,141366
1841,163757,137873,173011,141236
1842,163640,137835,172592,141080
1843,163385,137769,172489,141059
1844,163287,137736,172524,141069
1845,163316,137757,172509,141059
1846,163345,137759,172553,141078
1847,163346,137767,172706,141138
1848,163419,137784,172748,141151
1849,163451,137794,172696,141127
1850,163435,137779,172711,141133
1851,163436,137775,172770,141155
1852,163473,137775,172834,141187
1853,163501,137777,172892,141203
1854,163533,137768,172942,141232
1855,163573,137756,172977,141233
1856,163598,137761,173003,141252
1857,163609,137760,173042,141252
1858,163622,137780,173053,141257
1859,163623,137770,173088,141268
1860,163641,137765,173128,141276
1861,163659,137760,173171,141288
1862,163685,137767,173196,141309
1863,163706,137768,173249,141322
1864,163736,137767,173280,141324
1865,163749,137773,173239,141310
1866,163742,137765,172880,141175
1867,163618,137727,172533,141043
1868,163401,137674,172468,141025
1869,163322,137663,172512,141048
1870,163342,137674,172513,141047
1871,163363,137677,172605,141075
1872,163404,137682,172722,141120
1873,163452,137703,172724,141130
1874,163472,137719,172781,141160
1875,163448,137730,172913,141214
1876,163449,137737,172993,141253
1877,163488,137760,173041,141261
1878,163545,137788,173114,141293
1879,163562,137799,173165,141315
1880,163593,137802,173232,141336
1881,163611,137797,173258,141340
1882,163619,137793,173292,141356
1883,163634,137779,173315,141355
1884,163633,137738,173320,141359
1885,163633,137730,173348,141370
1886,163667,137737,173381,141379
1887,163696,137753,173404,141387
1888,163708,137747,173425,141398
1889,163723,137751,173330,141358
1890,163727,137773,172982,141208
1891,163587,137754,172755,141130
1892,163391,137707,172785,141156
1893,163342,137707,172856,141173
1894,163397,137729,172901,141194
1895,163427,137754,173004,141233
1896,163463,137764,173027,141239
1897,163538,137774,172968,141216
1898,163524,137783,172947,141201
1899,163478,137778,172984,141218
1900,163481,137779,173054,141231
1901,163505,137783,173099,141254
1902,163536,137800,173156,141266
1903,163565,137817,173178,141281
1904,163588,137832,173198,141287
1905,163614,137830,173211,141284
1906,163628,137821,173233,141299
1907,163670,137847,173256,141313
1908,163674,137844,173296,141319
1909,163707,137858,173324,141339
1910,163712,137861,173336,141328
1911,163759,137876,173369,141334
1912,163797,137891,173361,141333
1913,163801,137885,173144,141240
1914,163810,137891,172758,141094
1915,163646,137849,172643,141049
1916,163374,137782,172687,141085
1917,163297,137759,172699,141087
1918,163338,137789,172750,141102
1919,163343,137783,172864,141154
1920,163356,137791,172910,141169
1921,163431,137809,172871,141151
1922,163473,137821,172880,141149
1923,163460,137818,172968,141184
1924,163453,137814,173030,141211
1925,163481,137809,173087,141228
1926,163525,137820,173130,141250
1927,163572,137827,173165,141260
1928,163591,137833,173186,141267
1929,163610,137843,173199,141260
1930,163629,137853,173223,141274
1931,163631,137862,173255,141274
1932,163576,137771,173255,141184
1933,163547,137805,173254,141233
1934,163575,137810,173304,141254
1935,163595,137811,173318,141264
1936,163614,137794,173300,141252
1937,163637,137783,173000,141130
1938,163604,137767,172608,140986
1939,163382,137673,172540,140967
1940,163194,137632,172570,140987
1941,163166,137624,172550,140981
1942,163208,137648,172608,140997
1943,163209,137658,172737,141043
1944,163238,137666,172780,141054
1945,163323,137707,172754,141058
1946,163342,137716,172792,141072
1947,163332,137721,172879,141100
1948,163360,137724,172956,141136
1949,163401,137735,173033,141164
1950,163443,137735,173081,141178
1951,163462,137744,173115,141179
1952,163483,137733,173123,141187
1953,163480,137731,173107,141171
1954,163479,137718,173117,141172
1955,163464,137709,173130,141186
1956,163461,137700,173186,141212
1957,163487,137697,173223,141210
1958,163497,137707,173221,141214
1959,163547,137740,173256,141224
1960,163570,137758,173287,141238
1961,163592,137764,173226,141214
1962,163622,137760,172858,141070
1963,163542,137744,172564,140964
1964,163309,137670,172544,140953
1965,163188,137646,172595,140972
1966,163196,137650,172576,140972
1967,163225,137664,172666,141007
1968,163235,137669,172785,141056
1969,163295,137687,172790,141049
1970,163338,137691,172753,141037
1971,163302,137691,172796,141071
1972,163288,137676,172870,141086
1973,163301,137686,172908,141096
1974,163341,137687,172954,141119
1975,163370,137713,172995,141126
1976,163412,137712,173019,141127
1977,163427,137712,173038,141135
1978,163446,137713,173060,141145
1979,163469,137728,173087,141146
1980,163480,137733,173110,141156
1981,163498,137723,173132,141163
1982,163518,137733,173163,141165
1983,163537,137747,173207,141178
1984,163563,137756,173220,141181
1985,163597,137746,173186,141170
1986,163598,137763,172856,141025
1987,163526,137748,172507,140906
1988,163304,137680,172493,140905
1989,163198,137655,172555,140927
1990,163225,137679,172589,140926
1991,163256,137703,172691,140976
1992,163288,137700,172787,141006
1993,163365,137732,172775,141000
1994,163379,137722,172749,140993
1995,163345,137714,172832,141031
1996,163336,137699,172911,141071
1997,163377,137717,172969,141082
1998,163425,137734,173003,141107
1999,163460,137758,173025,141102
2000,163484,137762,173039,141099
2001,163506,137757,173044,141103
2002,163526,137779,173054,141103
2003,163540,137785,173063,141103
2004,163530,137782,173060,141102
2005,163550,137783,173070,141105
2006,163561,137771,173100,141117
2007,163572,137776,173136,141138
2008,163590,137756,173113,141110
2009,163602,137749,172801,140992
2010,163596,137753,172493,140884
2011,163407,137690,172452,140882
2012,163166,137625,172551,140913
2013,163126,137618,172647,140961
2014,163162,137643,172786,141022
2015,163174,137659,172950,141089
2016,163205,137662,172987,141121
2017,163284,137693,173019,141136
2018,163295,137684,173112,141188
2019,163263,137672,173191,141229
2020,163276,137668,173241,141255
2021,163315,137677,173305,141278
2022,163349,137683,173326,141278
2023,163382,137686,173315,141263
2024,163408,137670,173301,141248
2025,163424,137678,173286,141241
2026,163434,137669,173282,141239
2027,163457,137671,173285,141219
2028,163472,137674,173290,141223
2029,163493,137700,173306,141224
2030,163506,137699,173335,141226
2031,163518,137696,173327,141222
2032,163622,137696,172448,140847
2033,163473,137637,172501,140863
2034,163237,137558,172610,140905
2035,163151,137511,172691,140935
2036,163177,137516,172782,140960
2037,163191,137519,172856,140986
2038,163212,137518,172902,141011
2039,163291,137530,172932,141015
2040,163315,137529,172952,141017
2041,163288,137525,172971,141017
2042,163295,137519,172985,141030
2043,163324,137533,173007,141033
2044,163353,137532,173029,141045
2045,163384,137557,173072,141055
2046,163419,137566,173107,141073
2047,163442,137560,172973,141017
2048,163467,137567,172547,140847
2049,163461,137580,172276,140761
2050,163474,137581,172291,140759
2051,163483,137595,172315,140779
2052,163506,137600,172297,140768
2053,163531,137584,172411,140822
2054,163547,137588,172556,140869
2055,163513,137572,172570,140874
2056,163294,137525,172570,140871
2057,163129,137488,172623,140892
2058,163121,137485,172703,140921
2059,163147,137500,172800,140954
2060,163161,137496,172869,140983
2061,163212,137507,172931,141005
2062,163296,137512,172963,141022
2063,163303,137509,172992,141029
2064,163280,137509,173023,141045
2065,163291,137503,173052,141052
2066,163322,137512,173072,141056
2067,163353,137516,173047,141034
2068,163391,137516,173052,141038
2069,163425,137537,173103,141048
2070,163445,137535,173121,141057
2071,163455,137549,173002,141007
2072,163464,137535,172538,140830
2073,163493,137551,172311,140752
2074,163493,137554,172345,140779
2075,163528,137550,172381,140786
2076,163555,137562,172389,140793
2077,163557,137563,172488,140840
2078,163469,137536,172624,140884
2079,163239,137481,172604,140876
2080,163143,137457,172576,140863
2081,163149,137471,172609,140874
2082,163183,137490,172650,140887
2083,163195,137500,172713,140904
2084,163284,137539,172786,140939
2085,163334,137544,172831,140950
2086,163302,137537,172867,140959
2087,163302,137547,172868,140957
2088,163335,137552,172904,140968
2089,163379,137572,172911,140965
2090,163410,137582,172904,140964
2091,163447,137603,172942,140962
2092,163480,137618,173007,140985
2093,163499,137626,173058,141013
2094,163517,137643,173032,141008
2095,163525,137651,172709,140870
2096,163535,137653,172359,140747
2097,163562,137649,172333,140743
2098,163575,137661,172401,140775
2099,163586,137646,172452,140798
2100,163485,137608,172540,140828
2101,163241,137547,172665,140864
2102,163131,137523,172661,140871
2103,163146,137542,172634,140857
2104,163164,137566,172660,140854
2105,163197,137583,172711,140878
2106,163273,137607,172751,140887
2107,163330,137636,172811,140909
2108,163308,137629,172867,140921
2109,163311,137627,172922,140944
2110,163359,137643,172943,140964
2111,163387,137650,172978,140968
2112,163440,137668,173007,140986
2113,163463,137678,173025,140991
2114,163488,137687,173068,140998
2115,163501,137661,173096,141019
2116,163504,137649,173121,141017
2117,163517,137639,173139,141029
2118,163531,137652,172959,140955
2119,163552,137651,172507,140780
2120,163587,137668,172314,140716
2121,163609,137661,172360,140734
2122,163588,137669,172395,140749
2123,163425,137605,172414,140757
2124,163179,137546,172548,140809
2125,163109,137549,172655,140852
2126,163125,137547,172704,140870
2127,163127,137557,172701,140877
2128,163149,137555,172747,140884
2129,163243,137594,172830,140917
2130,163302,137600,172867,140927
2131,163259,137602,172912,140948
2132,163528,137607,173139,141012
2133,163553,137616,173159,141020
2134,163574,137639,173125,140988
2135,163583,137644,172762,140853
2136,163602,137634,172400,140732
2137,163612,137637,172365,140719
2138,163632,137642,172395,140733
2139,163660,137655,172396,140746
2140,163685,137665,172465,140772
2141,163707,137674,172613,140828
2142,163704,137663,172643,140838
2143,163503,137630,172608,140829
2144,163248,137550,172662,140855
2145,163206,137542,172744,140882
2146,163246,137560,172798,140905
2147,163275,137572,172860,140918
2148,163290,137587,172867,140914
2149,163371,137614,172889,140926
2150,163405,137626,172894,140928
2151,163392,137611,172889,140919
2152,163375,137596,172917,140929
2153,163409,137598,172924,140928
2154,163456,137610,172955,140931
2155,163486,137606,173005,140956
2156,163526,137606,173056,140965
2157,163557,137610,173056,140964
2158,163572,137612,172764,140850
2159,163594,137603,172340,140691
2160,163599,137612,172219,140651
2161,163621,137608,172208,140659
2162,163648,137632,172192,140642
2163,163673,137639,172215,140665
2164,163695,137642,172376,140723
2165,163726,137639,172442,140739
2166,163654,137623,172398,140729
2167,163390,137553,172425,140740
2168,163236,137511,172482,140763
2169,163252,137521,172575,140801
2170,163287,137542,172652,140824
2171,163310,137543,172707,140841
2172,163370,137563,172735,140857
2173,163416,137568,172765,140861
2174,163406,137559,172794,140871
2175,163384,137556,172814,140873
2176,163415,137557,172836,140885
2177,163450,137564,172855,140886
2178,163476,137563,172900,140902
2179,163510,137563,172961,140927
2180,163539,137564,172998,140943
2181,163555,137569,172888,140896
2182,163580,137574,172485,140734
2183,163571,137576,172262,140652
2184,163564,137563,172285,140671
2185,163602,137569,172324,140684
2186,163631,137575,172337,140687
2187,163648,137576,172498,140760
2188,163641,137574,172577,140789
2189,163489,137514,172500,140755
2190,163279,137468,172473,140740
2191,163225,137474,172515,140757
2192,163266,137493,172568,140780
2193,163312,137509,172623,140798
2194,163358,137525,172691,140815
2195,163426,137543,172742,140841
2196,163414,137551,172792,140859
2197,163391,137537,172822,140859
2198,163399,137541,172862,140880
2199,163438,137550,172891,140896
2200,163468,137560,172925,140896
2201,163508,137587,172966,140911
2202,163539,137603,172999,140923
2203,163564,137613,173007,140929
2204,163568,137630,172818,140846
2205,163575,137632,172383,140671
2206,163579,137618,172191,140619
2207,163588,137616,172206,140631
2208,163615,137617,172224,140636
2209,163643,137600,172264,140659
2210,163629,137568,172411,140713
2211,163431,137508,172455,140724
2212,163220,137443,172411,140705
2213,163172,137435,172431,140722
2214,163213,137458,172526,140742
2215,163228,137472,172636,140792
2216,163267,137492,172704,140816
2217,163344,137515,172772,140836
2218,163352,137513,172800,140853
2219,163338,137513,172825,140858
2220,163337,137518,172824,140856
2221,163379,137524,172815,140849
2222,163426,137535,172806,140849
2223,163475,137553,172810,140842
2224,163496,137570,172829,140843
2225,163525,137580,172870,140864
2226,163531,137575,172905,140870
2227,163530,137562,172837,140853
2228,163513,137561,172423,140670
2229,163526,137561,172092,140566
2230,163519,137551,172060,140560
2231,163525,137538,172063,140570
2232,162981,137423,172386,140643
2233,163015,137423,172383,140653
2234,163032,137429,172481,140681
2235,163108,137451,172577,140727
2236,163169,137479,172650,140752
2237,163162,137468,172745,140783
2238,163144,137469,172838,140822
2239,163189,137468,172894,140841
2240,163247,137495,172904,140857
2241,163282,137501,172942,140864
2242,163332,137521,172937,140858
2243,163365,137530,172949,140849
2244,163372,137542,172964,140857
2245,163390,137545,172982,140871
2246,163403,137554,173016,140872
2247,163409,137541,172968,140848
2248,163431,137548,172613,140714
2249,163458,137560,172236,140566
2250,163483,137555,172159,140553
2251,163513,137545,172210,140571
2252,163519,137554,172214,140575
2253,163399,137519,172296,140607
2254,163112,137439,172470,140679
2255,163008,137406,172526,140692
2256,163028,137427,172483,140674
2257,163066,137437,172535,140682
2258,163063,137439,172605,140725
2259,163143,137455,172682,140747
2260,163212,137476,172744,140767
2261,163206,137478,172801,140792
2262,163198,137476,172834,140794
2263,163218,137473,172827,140797
2264,163269,137474,172863,140808
2265,163317,137503,172873,140797
2266,163353,137512,172885,140805
2267,163390,137514,172925,140813
2268,163385,137509,172965,140834
2269,163412,137522,173004,140846
2270,163436,137528,172998,140823
2271,163449,137520,172781,140746
2272,163469,137540,172344,140567
2273,163477,137536,172173,140516
2274,163507,137543,172177,140516
2275,163536,137555,172171,140521
2276,163543,137561,172175,140532
2277,163408,137517,172349,140582
2278,163152,137427,172382,140599
2279,163065,137407,172320,140581
2280,163107,137424,172315,140578
2281,163124,137443,172366,140591
2282,163157,137453,172438,140622
2283,163247,137496,172504,140642
2284,163296,137514,172551,140654
2285,163256,137517,172590,140679
2286,163253,137516,172600,140674
2287,163287,137517,172621,140674
2288,163319,137527,172610,140688
2289,163366,137523,172646,140690
2290,163394,137512,172693,140701
2291,163431,137501,172753,140732
2292,163451,137499,172779,140746
2293,163456,137499,172746,140720
2294,163456,137501,172422,140589
2295,163463,137513,172047,140440
2296,163487,137533,171960,140416
2297,163513,137533,172019,140445
2298,163539,137540,172048,140460
2299,163553,137545,172201,140519
2300,163407,137507,172316,140567
2301,163161,137427,172299,140550
2302,163109,137424,172280,140557
2303,163148,137444,172325,140558
2304,163176,137460,172397,140585
2305,163211,137464,172479,140631
2306,163281,137497,172546,140640
2307,163283,137490,172593,140659
2308,163234,137472,172616,140666
2309,163237,137450,172643,140661
2310,163275,137472,172649,140675
2311,163325,137492,172672,140672
2312,163375,137499,172685,140672
2313,163403,137499,172704,140678
2314,163438,137528,172737,140686
2315,163472,137532,172718,140669
2316,163480,137542,172403,140552
2317,163497,137544,171961,140381
2318,163517,137558,171798,140331
2319,163534,137555,171808,140343
2320,163569,137567,171807,140342
2321,163584,137568,171847,140361
2322,163590,137569,172015,140429
2323,163422,137521,172075,140449
2324,163139,137429,172004,140421
2325,163067,137422,172024,140426
2326,163090,137441,172091,140450
2327,163120,137462,172174,140488
2328,163121,137471,172244,140510
2329,163224,137499,172287,140536
2330,163273,137519,172345,140542
2331,163234,137499,172409,140571
2332,163381,137554,173149,140854
2333,163381,137542,173072,140795
2334,163401,137551,172689,140638
2335,163426,137563,172376,140527
2336,163450,137578,172414,140554
2337,163480,137584,172483,140586
2338,163484,137570,172453,140585
2339,163511,137578,172536,140613
2340,163441,137573,172625,140654
2341,163153,137492,172579,140641
2342,162998,137457,172470,140594
2343,162988,137487,172444,140580
2344,163006,137496,172478,140583
2345,163005,137489,172534,140608
2346,163065,137490,172600,140611
2347,163136,137514,172671,140633
2348,163124,137474,172738,140666
2349,163102,137453,172764,140672
2350,163128,137441,172808,140698
2351,163179,137445,172886,140730
2352,163241,137473,172939,140762
2353,163291,137493,172981,140767
2354,163324,137514,173063,140808
2355,163355,137529,173096,140825
2356,163369,137549,172980,140786
2357,163387,137554,172496,140589
2358,163416,137552,172173,140460
2359,163439,137556,172150,140455
2360,163504,137574,172129,140446
2361,163506,137567,172144,140460
2362,163522,137557,172287,140510
2363,163518,137555,172459,140585
2364,163322,137486,172489,140589
2365,163038,137392,172511,140601
2366,162932,137351,172606,140650
2367,162948,137354,172657,140675
2368,162968,137367,172689,140677
2369,162994,137373,172737,140693
2370,163098,137389,172791,140697
2371,163155,137417,172821,140725
2372,163132,137426,172866,140741
2373,163128,137416,172903,140748
2374,163170,137418,172922,140748
2375,163224,137417,172934,140748
2376,163265,137412,172957,140764
2377,163304,137406,172998,140770
2378,163321,137391,172996,140771
2379,163326,137390,172830,140710
2380,163357,137388,172362,140513
2381,163341,137378,172145,140429
2382,163342,137360,172171,140449
2383,163355,137374,172195,140461
2384,163398,137375,172232,140466
2385,163420,137377,172381,140527
2386,163461,137390,172453,140545
2387,163387,137376,172410,140529
2388,163148,137308,172425,140540
2389,162999,137275,172476,140556
2390,163017,137300,172547,140587
2391,163048,137317,172648,140627
2392,163073,137321,172722,140648
2393,163152,137332,172778,140670
2394,163203,137338,172843,140711
2395,163181,137319,172907,140741
2396,163166,137309,172943,140744
2397,163194,137311,173029,140769
2398,163244,137319,173087,140800
2399,163280,137318,173095,140804
2400,163310,137326,173025,140765
2401,163335,137341,172684,140634
2402,163340,137331,172432,140538
2403,163346,137329,172431,140551
2404,163345,137333,172524,140590
2405,163372,137337,172588,140615
2406,163388,137348,172726,140660
2407,163410,137336,172770,140672
2408,163428,137333,172716,140654
2409,163349,137308,172711,140651
2410,163103,137236,172758,140663
2411,162962,137198,172816,140692
2412,162989,137207,172867,140706
2413,163035,137228,172892,140700
2414,163070,137244,172946,140720
2415,163154,137278,172970,140733
2416,163196,137301,173004,140748
2417,163180,137307,173032,140753
2418,163153,137297,173073,140777
2419,163179,137305,173140,140792
2420,163223,137308,173140,140806
2421,163255,137320,172975,140733
2422,163292,137315,172584,140585
2423,163324,137316,172459,140538
2424,163354,137318,172489,140562
2425,163348,137305,172506,140566
2426,163344,137295,172583,140601
2427,163366,137288,172734,140651
2428,163377,137287,172779,140667
2429,163435,137284,172752,140660
2430,163459,137286,172750,140661
2431,163436,137281,172802,140680
2432,163002,137204,173055,140741
2433,163048,137207,172684,140606
2434,163079,137218,172574,140568
2435,163107,137208,172609,140584
2436,163118,137213,172633,140587
2437,163120,137224,172682,140606
2438,163146,137272,172808,140665
2439,163191,137337,172847,140659
2440,163236,137375,172808,140657
2441,163246,137372,172827,140665
2442,163257,137383,172872,140679
2443,163167,137348,172920,140690
2444,162859,137242,172987,140719
2445,162741,137209,173031,140731
2446,162732,137204,173068,140748
2447,162763,137213,173104,140755
2448,162772,137190,173117,140758
2449,162850,137215,173142,140773
2450,162943,137242,173156,140779
2451,162919,137238,173201,140779
2452,162902,137218,173244,140797
2453,162912,137228,173270,140805
2454,162966,137234,173164,140763
2455,163009,137237,172754,140603
2456,163046,137238,172493,140502
2457,163084,137246,172502,140520
2458,163106,137233,172531,140535
2459,163123,137237,172546,140539
2460,163135,137235,172651,140575
2461,163150,137240,172763,140614
2462,163173,137235,172770,140623
2463,163195,137238,172771,140616
2464,163217,137221,172806,140628
2465,163125,137198,172869,140654
2466,162836,137114,172939,140670
2467,162725,137088,172989,140705
2468,162735,137103,173029,140713
2469,162762,137125,173045,140719
2470,162792,137138,173021,140702
2471,162883,137147,172985,140685
2472,162972,137170,172963,140672
2473,162957,137158,172939,140664
2474,162955,137167,172965,140662
2475,162971,137183,172994,140678
2476,163010,137179,173016,140683
2477,163061,137192,172874,140613
2478,163089,137197,172399,140433
2479,163125,137194,172174,140360
2480,163137,137186,172219,140389
2481,163166,137204,172287,140420
2482,163168,137207,172346,140444
2483,163190,137213,172511,140511
2484,163220,137218,172629,140558
2485,163263,137231,172635,140555
2486,163283,137230,172631,140559
2487,163236,137220,172697,140579
2488,162996,137147,172757,140599
2489,162810,137112,172828,140625
2490,162812,137120,172885,140645
2491,162868,137150,172931,140659
2492,162887,137152,172956,140671
2493,162960,137174,172954,140664
2494,163031,137198,172958,140669
2495,163026,137200,172970,140668
2496,163004,137201,173003,140679
2497,163025,137216,173006,140674
2498,163063,137221,172989,140669
2499,163105,137227,172823,140592
